,index,files,repo
0,0,,dataverse_datasets
1,0,.tab,dataverse_datasets
2,0,.pickle,dataverse_datasets
3,0,.txt,dataverse_datasets
4,0,.json,dataverse_datasets
5,0,.md,dataverse_datasets
6,0,.zip,dataverse_datasets
7,0,.log,dataverse_datasets
8,0,.pth.tar,dataverse_datasets
9,0,.npz,dataverse_datasets
10,1,.md,dataverse_datasets
11,1,.msgpack.tar.gz,dataverse_datasets
12,1,.tar.gz,dataverse_datasets
13,2,.tab,dataverse_datasets
14,2,.R,dataverse_datasets
15,2,.docx,dataverse_datasets
16,3,.tab,dataverse_datasets
17,4,.zip,dataverse_datasets
18,5,.xls,dataverse_datasets
19,7,.tar.xz,dataverse_datasets
20,8,.spv,dataverse_datasets
21,8,.tab,dataverse_datasets
22,8,.csaplan,dataverse_datasets
23,8,.py,dataverse_datasets
24,8,.png,dataverse_datasets
25,8,.csv,dataverse_datasets
26,8,.xlsx,dataverse_datasets
27,8,.txt,dataverse_datasets
28,9,.tab,dataverse_datasets
29,9,.csv,dataverse_datasets
30,10,.docx,dataverse_datasets
31,11,.pdf,dataverse_datasets
32,11,.key,dataverse_datasets
33,12,.pdf,dataverse_datasets
34,12,.key,dataverse_datasets
35,13,,dataverse_datasets
36,13,.pdf,dataverse_datasets
37,13,.tab,dataverse_datasets
38,13,.dat,dataverse_datasets
39,13,.Rd,dataverse_datasets
40,13,.stan,dataverse_datasets
41,13,.dta,dataverse_datasets
42,13,.Rproj,dataverse_datasets
43,13,.yml,dataverse_datasets
44,13,.csv,dataverse_datasets
45,13,.md,dataverse_datasets
46,13,.R,dataverse_datasets
47,13,.txt,dataverse_datasets
48,14,.cpickle,dataverse_datasets
49,15,.zip,dataverse_datasets
50,16,.nc-a,dataverse_datasets
51,16,.txt,dataverse_datasets
52,16,.nc-c,dataverse_datasets
53,16,.nc-b,dataverse_datasets
54,17,.tab,dataverse_datasets
55,18,.py,dataverse_datasets
56,18,.txt,dataverse_datasets
57,18,.pkl,dataverse_datasets
58,19,.tab,dataverse_datasets
59,19,.R,dataverse_datasets
60,20,.rar,dataverse_datasets
61,21,.xlsx,dataverse_datasets
62,22,.parquet,dataverse_datasets
63,22,.xlsx,dataverse_datasets
64,22,.pkl,dataverse_datasets
65,22,.ipynb,dataverse_datasets
66,23,.zip,dataverse_datasets
67,24,.Rmd,dataverse_datasets
68,24,.tab,dataverse_datasets
69,24,.txt,dataverse_datasets
70,25,.str,dataverse_datasets
71,25,.fasta,dataverse_datasets
72,25,.loci,dataverse_datasets
73,25,.alata_reordered.str,dataverse_datasets
74,25,.35,dataverse_datasets
75,26,.zip,dataverse_datasets
76,26,.docx,dataverse_datasets
77,27,.tab,dataverse_datasets
78,28,.md,dataverse_datasets
79,28,.out,dataverse_datasets
80,28,.xyz,dataverse_datasets
81,29,.tab,dataverse_datasets
82,29,.smcl,dataverse_datasets
83,29,.do,dataverse_datasets
84,29,.csv,dataverse_datasets
85,29,.R,dataverse_datasets
86,30,.tab,dataverse_datasets
87,30,.csv.tab,dataverse_datasets
88,30,.RData,dataverse_datasets
89,30,.1.tab,dataverse_datasets
90,30,.do,dataverse_datasets
91,30,.ods,dataverse_datasets
92,30,.csv,dataverse_datasets
93,30,.xlsx,dataverse_datasets
94,30,.R,dataverse_datasets
95,30,.txt,dataverse_datasets
96,31,.csv,dataverse_datasets
97,31,,dataverse_datasets
98,31,.txt,dataverse_datasets
99,32,.joblib,dataverse_datasets
100,32,.nc,dataverse_datasets
101,33,.tab,dataverse_datasets
102,34,.json,dataverse_datasets
103,34,.h5,dataverse_datasets
104,34,.csv,dataverse_datasets
105,35,.tar.gz,dataverse_datasets
106,36,.tab,dataverse_datasets
107,36,.R,dataverse_datasets
108,36,.txt,dataverse_datasets
109,37,.tab,dataverse_datasets
110,38,.fits,dataverse_datasets
111,39,.pdf,dataverse_datasets
112,39,.eps,dataverse_datasets
113,39,.h5,dataverse_datasets
114,40,.xls,dataverse_datasets
115,41,.txt,dataverse_datasets
116,42,.docx,dataverse_datasets
117,43,.zip,dataverse_datasets
118,44,,dataverse_datasets
119,44,.tab,dataverse_datasets
120,44,.mk,dataverse_datasets
121,44,.ttf,dataverse_datasets
122,44,.sh,dataverse_datasets
123,44,.py,dataverse_datasets
124,44,.yml,dataverse_datasets
125,44,.csv,dataverse_datasets
126,44,.md,dataverse_datasets
127,44,.R,dataverse_datasets
128,45,.pdf,dataverse_datasets
129,45,.h5,dataverse_datasets
130,46,.ipynb,dataverse_datasets
131,47,.npy,dataverse_datasets
132,47,.POST_STACK.segy,dataverse_datasets
133,48,.pdf,dataverse_datasets
134,48,.tab,dataverse_datasets
135,48,.rtf,dataverse_datasets
136,48,.smcl,dataverse_datasets
137,48,.do,dataverse_datasets
138,48,.R.txt,dataverse_datasets
139,48,.R,dataverse_datasets
140,48,.txt,dataverse_datasets
141,49,.tab,dataverse_datasets
142,49,.R,dataverse_datasets
143,50,.xlsx,dataverse_datasets
144,51,.tab,dataverse_datasets
145,51,.xls,dataverse_datasets
146,52,.do,dataverse_datasets
147,52,.tab,dataverse_datasets
148,52,.xls,dataverse_datasets
149,52,.R,dataverse_datasets
150,53,.tab,dataverse_datasets
151,53,.do,dataverse_datasets
152,53,.xls,dataverse_datasets
153,53,.R,dataverse_datasets
154,53,.txt,dataverse_datasets
155,54,.tab,dataverse_datasets
156,55,.py,dataverse_datasets
157,55,.vec,dataverse_datasets
158,55,.tac,dataverse_datasets
159,55,.txt,dataverse_datasets
160,56,.chi,dataverse_datasets
161,56,.prj,dataverse_datasets
162,56,.txt,dataverse_datasets
163,57,.zip.001,dataverse_datasets
164,57,.zip.002,dataverse_datasets
165,58,.pdf,dataverse_datasets
166,58,.tab,dataverse_datasets
167,58,.sh,dataverse_datasets
168,58,.rdata,dataverse_datasets
169,58,.zip,dataverse_datasets
170,58,.R,dataverse_datasets
171,58,.txt,dataverse_datasets
172,59,.tab,dataverse_datasets
173,59,.do,dataverse_datasets
174,60,.3-5.LPJ-GUESS.zip,dataverse_datasets
175,60,.2.ML.zip,dataverse_datasets
176,60,.3-5.ML.zip,dataverse_datasets
177,60,.1.PMIP_SAT_spread.zip,dataverse_datasets
178,61,,dataverse_datasets
179,61,.xlsx,dataverse_datasets
180,61,.fdt,dataverse_datasets
181,61,.set,dataverse_datasets
182,62,.rds,dataverse_datasets
183,62,.R,dataverse_datasets
184,63,.ipynb,dataverse_datasets
185,63,.py,dataverse_datasets
186,63,.json,dataverse_datasets
187,63,.tar.gz,dataverse_datasets
188,63,.txt,dataverse_datasets
189,64,.9.zip.rar,dataverse_datasets
190,64,.zip.rar,dataverse_datasets
191,64,.0.zip.rar,dataverse_datasets
192,64,.txt,dataverse_datasets
193,65,.md,dataverse_datasets
194,65,.py,dataverse_datasets
195,65,.yml,dataverse_datasets
196,66,,dataverse_datasets
197,66,.ipynb,dataverse_datasets
198,66,.gp,dataverse_datasets
199,66,.py,dataverse_datasets
200,66,.mff,dataverse_datasets
201,66,.awk,dataverse_datasets
202,66,.in,dataverse_datasets
203,66,.zip,dataverse_datasets
204,67,.csv,dataverse_datasets
205,68,.tab,dataverse_datasets
206,68,.rd,dataverse_datasets
207,68,.rdata,dataverse_datasets
208,69,.csv,dataverse_datasets
209,70,,dataverse_datasets
210,71,.pdf,dataverse_datasets
211,71,.tar.gz,dataverse_datasets
212,73,.tab,dataverse_datasets
213,73,.rtf,dataverse_datasets
214,73,.R,dataverse_datasets
215,73,.Rda,dataverse_datasets
216,74,.tab,dataverse_datasets
217,74,.csv,dataverse_datasets
218,75,.csv,dataverse_datasets
219,76,.tab,dataverse_datasets
220,76,.tiff,dataverse_datasets
221,77,.csv,dataverse_datasets
222,78,.tab,dataverse_datasets
223,78,.png,dataverse_datasets
224,78,.R,dataverse_datasets
225,78,.txt,dataverse_datasets
226,79,.tab,dataverse_datasets
227,80,.tab,dataverse_datasets
228,81,.tar.gz,dataverse_datasets
229,81,.fasta.gz,dataverse_datasets
230,81,.hhm.gz,dataverse_datasets
231,82,,dataverse_datasets
232,82,.tif,dataverse_datasets
233,82,.R,dataverse_datasets
234,83,.tab,dataverse_datasets
235,83,.do,dataverse_datasets
236,83,.R,dataverse_datasets
237,83,.docx,dataverse_datasets
238,84,.db,dataverse_datasets
239,84,.txt,dataverse_datasets
240,85,.tab,dataverse_datasets
241,86,.tab,dataverse_datasets
242,86,.tiff,dataverse_datasets
243,87,.md,dataverse_datasets
244,87,.zip,dataverse_datasets
245,88,.sql,dataverse_datasets
246,89,.tab,dataverse_datasets
247,90,.wav,dataverse_datasets
248,91,.rar,dataverse_datasets
249,91,.txt-05-ngrams-Freq.txt,dataverse_datasets
250,91,.txt-04-ngrams-Freq.txt,dataverse_datasets
251,91,.txt-02-ngrams-Freq.txt,dataverse_datasets
252,91,.txt-03-ngrams-Freq.txt,dataverse_datasets
253,92,.pdf,dataverse_datasets
254,93,,dataverse_datasets
255,93,.tab,dataverse_datasets
256,93,.ipynb,dataverse_datasets
257,93,.eps,dataverse_datasets
258,93,.py,dataverse_datasets
259,93,.png,dataverse_datasets
260,93,.csv,dataverse_datasets
261,93,.md,dataverse_datasets
262,93,.txt,dataverse_datasets
263,94,,dataverse_datasets
264,94,.m,dataverse_datasets
265,94,.sample,dataverse_datasets
266,94,.mat,dataverse_datasets
267,94,.sh,dataverse_datasets
268,94,.txt,dataverse_datasets
269,94,.idx,dataverse_datasets
270,94,.png,dataverse_datasets
271,94,.dlabel.nii,dataverse_datasets
272,94,.java,dataverse_datasets
273,94,.md,dataverse_datasets
274,94,.pack,dataverse_datasets
275,94,.class,dataverse_datasets
276,95,,dataverse_datasets
277,95,.m~,dataverse_datasets
278,95,.m,dataverse_datasets
279,95,.sample,dataverse_datasets
280,95,.PNG,dataverse_datasets
281,95,.sh,dataverse_datasets
282,95,.xml,dataverse_datasets
283,95,.pack,dataverse_datasets
284,95,.py,dataverse_datasets
285,95,.prj,dataverse_datasets
286,95,.png,dataverse_datasets
287,95,.class,dataverse_datasets
288,95,.java,dataverse_datasets
289,95,.txt,dataverse_datasets
290,95,.md,dataverse_datasets
291,95,.idx,dataverse_datasets
292,95,.html,dataverse_datasets
293,95,.mltbx,dataverse_datasets
294,96,.tab,dataverse_datasets
295,96,.txt,dataverse_datasets
296,97,.zip,dataverse_datasets
297,98,.tab,dataverse_datasets
298,98,.py,dataverse_datasets
299,98,.hdf5,dataverse_datasets
300,98,.Rds,dataverse_datasets
301,98,.md,dataverse_datasets
302,98,.R,dataverse_datasets
303,99,.tar.gz,dataverse_datasets
304,100,.part020.rar,dataverse_datasets
305,100,.part031.rar,dataverse_datasets
306,100,.part013.rar,dataverse_datasets
307,100,.part019.rar,dataverse_datasets
308,100,.part032.rar,dataverse_datasets
309,100,.part012.rar,dataverse_datasets
310,100,.part018.rar,dataverse_datasets
311,100,.part025.rar,dataverse_datasets
312,100,.part030.rar,dataverse_datasets
313,100,.part016.rar,dataverse_datasets
314,100,.part010.rar,dataverse_datasets
315,100,.part005.rar,dataverse_datasets
316,100,.part001.rar,dataverse_datasets
317,100,.part028.rar,dataverse_datasets
318,100,.part037.rar,dataverse_datasets
319,100,.part004.rar,dataverse_datasets
320,100,.part002.rar,dataverse_datasets
321,100,.part033.rar,dataverse_datasets
322,100,.part008.rar,dataverse_datasets
323,100,.part015.rar,dataverse_datasets
324,100,.part021.rar,dataverse_datasets
325,100,.part036.rar,dataverse_datasets
326,100,.part014.rar,dataverse_datasets
327,100,.part003.rar,dataverse_datasets
328,100,.part007.rar,dataverse_datasets
329,100,.part040.rar,dataverse_datasets
330,100,.part038.rar,dataverse_datasets
331,100,.part011.rar,dataverse_datasets
332,100,.part009.rar,dataverse_datasets
333,100,.txt,dataverse_datasets
334,100,.part023.rar,dataverse_datasets
335,100,.part026.rar,dataverse_datasets
336,100,.part041.rar,dataverse_datasets
337,100,.part017.rar,dataverse_datasets
338,100,.part029.rar,dataverse_datasets
339,100,.part034.rar,dataverse_datasets
340,100,.part006.rar,dataverse_datasets
341,100,.part035.rar,dataverse_datasets
342,100,.part022.rar,dataverse_datasets
343,100,.part027.rar,dataverse_datasets
344,100,.part024.rar,dataverse_datasets
345,100,.part039.rar,dataverse_datasets
346,101,.csv,dataverse_datasets
347,101,.RData,dataverse_datasets
348,101,.R,dataverse_datasets
349,101,.txt,dataverse_datasets
350,102,.tab,dataverse_datasets
351,102,.arff,dataverse_datasets
352,102,.rtf,dataverse_datasets
353,102,.do,dataverse_datasets
354,102,.R,dataverse_datasets
355,102,.txt,dataverse_datasets
356,103,.tab,dataverse_datasets
357,104,.tab,dataverse_datasets
358,105,,dataverse_datasets
359,105,.ckpt,dataverse_datasets
360,105,.py,dataverse_datasets
361,105,.md,dataverse_datasets
362,105,.cpython-36.pyc,dataverse_datasets
363,106,.sql,dataverse_datasets
364,106,.xlsx,dataverse_datasets
365,106,.tab,dataverse_datasets
366,106,.csv,dataverse_datasets
367,107,.doc,dataverse_datasets
368,107,.vhdr,dataverse_datasets
369,107,.eeg,dataverse_datasets
370,107,.vmrk,dataverse_datasets
371,108,.pdf,dataverse_datasets
372,108,.jpg,dataverse_datasets
373,108,.docx,dataverse_datasets
374,108,.csv,dataverse_datasets
375,108,.doc,dataverse_datasets
376,108,.xlsx,dataverse_datasets
377,109,.txt,dataverse_datasets
378,109,._wrdFtr.csv,dataverse_datasets
379,109,.csv,dataverse_datasets
380,110,.pdf,dataverse_datasets
381,110,,dataverse_datasets
382,110,.tab,dataverse_datasets
383,110,.01.tab,dataverse_datasets
384,110,.sh,dataverse_datasets
385,110,.slurm,dataverse_datasets
386,110,.0.tab,dataverse_datasets
387,110,.yml,dataverse_datasets
388,110,.r,dataverse_datasets
389,111,.pdf,dataverse_datasets
390,111,.tab,dataverse_datasets
391,111,.smcl,dataverse_datasets
392,111,.txt,dataverse_datasets
393,111,.do,dataverse_datasets
394,111,.csv,dataverse_datasets
395,111,.R,dataverse_datasets
396,111,.Rhistory,dataverse_datasets
397,112,.zip,dataverse_datasets
398,113,.data,dataverse_datasets
399,113,.arff,dataverse_datasets
400,114,.xlsx,dataverse_datasets
401,114,.m,dataverse_datasets
402,114,.docx,dataverse_datasets
403,114,.txt,dataverse_datasets
404,115,.tif,dataverse_datasets
405,116,.xls,dataverse_datasets
406,116,.names,dataverse_datasets
407,116,.data,dataverse_datasets
408,117,.pdf,dataverse_datasets
409,117,.zip,dataverse_datasets
410,117,.rar,dataverse_datasets
411,118,.tab,dataverse_datasets
412,118,.rar,dataverse_datasets
413,118,.csv,dataverse_datasets
414,119,.nml,dataverse_datasets
415,119,.tar,dataverse_datasets
416,119,.txt,dataverse_datasets
417,120,.pdf,dataverse_datasets
418,120,.R~,dataverse_datasets
419,120,.R,dataverse_datasets
420,120,.csv,dataverse_datasets
421,121,.z01,dataverse_datasets
422,121,.zip,dataverse_datasets
423,121,.z02,dataverse_datasets
424,121,.z03,dataverse_datasets
425,122,,dataverse_datasets
426,122,.ps,dataverse_datasets
427,122,.tab,dataverse_datasets
428,122,.RData,dataverse_datasets
429,122,.job,dataverse_datasets
430,122,.csv,dataverse_datasets
431,122,.R,dataverse_datasets
432,123,.tab,dataverse_datasets
433,123,.do,dataverse_datasets
434,123,.R,dataverse_datasets
435,123,.docx,dataverse_datasets
436,124,.tab,dataverse_datasets
437,124,.all.tab,dataverse_datasets
438,124,.Rmd,dataverse_datasets
439,124,.png,dataverse_datasets
440,124,.R,dataverse_datasets
441,124,.txt,dataverse_datasets
442,125,.zip,dataverse_datasets
443,126,.tab,dataverse_datasets
444,126,.do,dataverse_datasets
445,126,.R,dataverse_datasets
446,126,.docx,dataverse_datasets
447,127,.rar,dataverse_datasets
448,128,.zip,dataverse_datasets
449,128,.tab,dataverse_datasets
450,129,.tab,dataverse_datasets
451,129,.txt,dataverse_datasets
452,129,.csv,dataverse_datasets
453,130,.tab,dataverse_datasets
454,130,.do,dataverse_datasets
455,130,.R,dataverse_datasets
456,130,.docx,dataverse_datasets
457,131,.tab,dataverse_datasets
458,131,.do,dataverse_datasets
459,131,.R,dataverse_datasets
460,131,.docx,dataverse_datasets
461,132,,dataverse_datasets
462,132,.pdf,dataverse_datasets
463,132,.tab,dataverse_datasets
464,132,.Rdata,dataverse_datasets
465,132,.yml,dataverse_datasets
466,132,.csv,dataverse_datasets
467,132,.md,dataverse_datasets
468,132,.R,dataverse_datasets
469,132,.txt,dataverse_datasets
470,133,.tab,dataverse_datasets
471,133,.tif,dataverse_datasets
472,133,.tif.ovr,dataverse_datasets
473,133,.tif.xml,dataverse_datasets
474,133,.tif.aux.xml,dataverse_datasets
475,133,.tfw,dataverse_datasets
476,133,.zip,dataverse_datasets
477,134,.tar.gz,dataverse_datasets
478,135,.syn1.npy.gz,dataverse_datasets
479,135,.syn0.npy.gz,dataverse_datasets
480,135,.wv.vectors.npy.gz,dataverse_datasets
481,135,.syn0.npy-008.gz,dataverse_datasets
482,135,.tar.gz,dataverse_datasets
483,135,.bin.gz,dataverse_datasets
484,135,.syn1.npy-006.gz,dataverse_datasets
485,135,.trainables.syn1neg.npy.gz,dataverse_datasets
486,135,.gz,dataverse_datasets
487,136,.25_dataset_x.pkl,dataverse_datasets
488,136,.tar.gz,dataverse_datasets
489,136,.json,dataverse_datasets
490,136,.25_dataset_summary.json,dataverse_datasets
491,136,.pkl,dataverse_datasets
492,137,.tsv,dataverse_datasets
493,138,.pdf,dataverse_datasets
494,138,.zip,dataverse_datasets
495,138,.txt,dataverse_datasets
496,139,.csv,dataverse_datasets
497,140,.pdf,dataverse_datasets
498,140,.md,dataverse_datasets
499,140,.R,dataverse_datasets
500,140,.txt,dataverse_datasets
501,141,,dataverse_datasets
502,141,.py,dataverse_datasets
503,141,.csv,dataverse_datasets
504,141,.log,dataverse_datasets
505,141,.sqlite,dataverse_datasets
506,141,.R,dataverse_datasets
507,141,.txt,dataverse_datasets
508,142,.pdf,dataverse_datasets
509,142,.tar.gz,dataverse_datasets
510,143,.pdf,dataverse_datasets
511,143,.txt,dataverse_datasets
512,144,.csv,dataverse_datasets
513,144,.docx,dataverse_datasets
514,144,.npz,dataverse_datasets
515,144,.ipynb,dataverse_datasets
516,145,.zip,dataverse_datasets
517,145,.tab,dataverse_datasets
518,146,.pdf,dataverse_datasets
519,146,.png,dataverse_datasets
520,146,.h5,dataverse_datasets
521,147,.tab,dataverse_datasets
522,147,.R,dataverse_datasets
523,147,.txt,dataverse_datasets
524,148,,dataverse_datasets
525,148,.pdf,dataverse_datasets
526,148,.tab,dataverse_datasets
527,148,.sh,dataverse_datasets
528,148,.py,dataverse_datasets
529,148,.txt,dataverse_datasets
530,148,.yml,dataverse_datasets
531,148,.csv,dataverse_datasets
532,148,.md,dataverse_datasets
533,148,.R,dataverse_datasets
534,148,.html,dataverse_datasets
535,149,.pdf,dataverse_datasets
536,149,.tab,dataverse_datasets
537,149,.csv,dataverse_datasets
538,150,.zip,dataverse_datasets
539,150,.txt,dataverse_datasets
540,151,.fits,dataverse_datasets
541,152,.txt,dataverse_datasets
542,153,.rar,dataverse_datasets
543,154,.tab,dataverse_datasets
544,155,.tab,dataverse_datasets
545,155,.tar,dataverse_datasets
546,155,.rar,dataverse_datasets
547,155,.csv,dataverse_datasets
548,156,.tab,dataverse_datasets
549,156,.Rdata,dataverse_datasets
550,156,.R,dataverse_datasets
551,156,.txt,dataverse_datasets
552,157,.tab,dataverse_datasets
553,158,.npy,dataverse_datasets
554,159,.pdf,dataverse_datasets
555,159,.txt,dataverse_datasets
556,160,.off,dataverse_datasets
557,160,.jpg,dataverse_datasets
558,160,.ply,dataverse_datasets
559,160,.TIF,dataverse_datasets
560,160,.txt,dataverse_datasets
561,161,.pdf,dataverse_datasets
562,161,,dataverse_datasets
563,161,.tab,dataverse_datasets
564,161,.24.0.4.tar.gz,dataverse_datasets
565,161,.RDS,dataverse_datasets
566,161,.tex,dataverse_datasets
567,161,.csv,dataverse_datasets
568,161,.drawio,dataverse_datasets
569,161,.R,dataverse_datasets
570,161,.html,dataverse_datasets
571,162,.z02,dataverse_datasets
572,162,.z01,dataverse_datasets
573,162,.json,dataverse_datasets
574,162,.z03,dataverse_datasets
575,162,.zip,dataverse_datasets
576,163,.csv,dataverse_datasets
577,164,.tab,dataverse_datasets
578,164,.do,dataverse_datasets
579,164,.R,dataverse_datasets
580,165,.h5,dataverse_datasets
581,165,.pkl,dataverse_datasets
582,166,.tab,dataverse_datasets
583,166,.bib,dataverse_datasets
584,166,.txt,dataverse_datasets
585,167,.docx,dataverse_datasets
586,168,.tab,dataverse_datasets
587,169,,dataverse_datasets
588,169,.csv,dataverse_datasets
589,170,.csv,dataverse_datasets
590,171,.xlsx,dataverse_datasets
591,171,.tab,dataverse_datasets
592,171,.xls,dataverse_datasets
593,171,.csv,dataverse_datasets
594,172,.corpus.custom.bs.results.Orgpurposereligious.rds,dataverse_datasets
595,172,.corpus.minimal.bs.results.Orgpurposereligious.rds,dataverse_datasets
596,172,.RData,dataverse_datasets
597,172,.corpus.standard.bs.results.Orgpurposeamateursports.rds,dataverse_datasets
598,172,.corpus.custom.bs.results.ntmaj10public.rds,dataverse_datasets
599,172,.corpus.standard.bs.results.Orgpurposecrueltyprevention.rds,dataverse_datasets
600,172,.corpus.standard.bs.results.Orgpurposeeducational.rds,dataverse_datasets
601,172,.corpus.minimal.bs.results.ntmaj10hserv.rds,dataverse_datasets
602,172,.corpus.minimal.bs.results.ntmaj10public.rds,dataverse_datasets
603,172,.corpus.custom.bs.results.Orgpurposecrueltyprevention.rds,dataverse_datasets
604,172,.corpus.minimal.bs.results.ntmaj10health.rds,dataverse_datasets
605,172,.corpus.custom.bs.results.Orgpurposeamateursports.rds,dataverse_datasets
606,172,.corpus.minimal.bs.results.Orgpurposeamateursports.rds,dataverse_datasets
607,172,.corpus.minimal.bs.results.Orgpurposeliterary.rds,dataverse_datasets
608,172,.corpus.custom.bs.results.Orgpurposeliterary.rds,dataverse_datasets
609,172,.corpus.standard.bs.results.Orgpurposecharitable.rds,dataverse_datasets
610,172,.corpus.custom.bs.results.ntmaj10art.rds,dataverse_datasets
611,172,.corpus.minimal.bs.results.Disasterreliefyes.rds,dataverse_datasets
612,172,.corpus.standard.bs.results.Orgpurposepublicsafety.rds,dataverse_datasets
613,172,.corpus.standard.bs.results.Orgpurposereligious.rds,dataverse_datasets
614,172,.corpus.standard.bs.results.Disasterreliefyes.rds,dataverse_datasets
615,172,.corpus.custom.bs.results.ntmaj10edu.rds,dataverse_datasets
616,172,.corpus.custom.bs.results.Orgpurposeeducational.rds,dataverse_datasets
617,172,.corpus.custom.bs.results.ntmaj10hserv.rds,dataverse_datasets
618,172,.corpus.minimal.bs.results.Onethirdsupportgifts.rds,dataverse_datasets
619,172,.corpus.standard.bs.results.Onethirdsupportpublic.rds,dataverse_datasets
620,172,.corpus.custom.bs.results.Orgpurposescientific.rds,dataverse_datasets
621,172,.corpus.minimal.bs.results.ntmaj10rel.rds,dataverse_datasets
622,172,.corpus.standard.bs.results.Orgpurposeliterary.rds,dataverse_datasets
623,172,.corpus.custom.bs.results.Donatefundsyes.rds,dataverse_datasets
624,172,.corpus.custom.bs.results.Orgpurposecharitable.rds,dataverse_datasets
625,172,.corpus.custom.bs.results.Disasterreliefyes.rds,dataverse_datasets
626,172,.corpus.custom.bs.results.ntmaj10rel.rds,dataverse_datasets
627,172,.corpus.standard.bs.results.ntmaj10public.rds,dataverse_datasets
628,172,.corpus.minimal.bs.results.Onethirdsupportpublic.rds,dataverse_datasets
629,172,.corpus.minimal.bs.results.Orgpurposecharitable.rds,dataverse_datasets
630,172,.corpus.standard.bs.results.ntmaj10env.rds,dataverse_datasets
631,172,.corpus.minimal.bs.results.ntmaj10int.rds,dataverse_datasets
632,172,.corpus.standard.bs.results.ntmaj10edu.rds,dataverse_datasets
633,172,.corpus.standard.bs.results.ntmaj10hserv.rds,dataverse_datasets
634,172,.corpus.minimal.bs.results.Orgpurposescientific.rds,dataverse_datasets
635,172,.corpus.custom.bs.results.ntmaj10health.rds,dataverse_datasets
636,172,.corpus.minimal.bs.results.Orgpurposecrueltyprevention.rds,dataverse_datasets
637,172,.corpus.minimal.bs.results.ntmaj10mutual.rds,dataverse_datasets
638,172,.corpus.standard.bs.results.Donatefundsyes.rds,dataverse_datasets
639,172,.corpus.standard.bs.results.ntmaj10mutual.rds,dataverse_datasets
640,172,.corpus.standard.bs.results.ntmaj10rel.rds,dataverse_datasets
641,172,.corpus.custom.bs.results.Onethirdsupportgifts.rds,dataverse_datasets
642,172,.corpus.custom.bs.results.ntmaj10int.rds,dataverse_datasets
643,172,.corpus.minimal.bs.results.ntmaj10art.rds,dataverse_datasets
644,172,.corpus.standard.bs.results.ntmaj10int.rds,dataverse_datasets
645,172,.corpus.custom.bs.results.ntmaj10mutual.rds,dataverse_datasets
646,172,.corpus.custom.bs.results.ntmaj10unknown.rds,dataverse_datasets
647,172,.corpus.minimal.bs.results.Orgpurposeeducational.rds,dataverse_datasets
648,172,.corpus.minimal.bs.results.ntmaj10edu.rds,dataverse_datasets
649,172,.corpus.minimal.bs.results.Donatefundsyes.rds,dataverse_datasets
650,172,.corpus.standard.bs.results.Orgpurposescientific.rds,dataverse_datasets
651,172,.corpus.custom.bs.results.Onethirdsupportpublic.rds,dataverse_datasets
652,172,.corpus.minimal.bs.results.ntmaj10unknown.rds,dataverse_datasets
653,172,.corpus.custom.bs.results.ntmaj10env.rds,dataverse_datasets
654,172,.corpus.minimal.bs.results.Orgpurposepublicsafety.rds,dataverse_datasets
655,172,.corpus.standard.bs.results.ntmaj10unknown.rds,dataverse_datasets
656,172,.corpus.standard.bs.results.ntmaj10health.rds,dataverse_datasets
657,172,.corpus.minimal.bs.results.ntmaj10env.rds,dataverse_datasets
658,172,.corpus.custom.bs.results.Orgpurposepublicsafety.rds,dataverse_datasets
659,172,.corpus.standard.bs.results.Onethirdsupportgifts.rds,dataverse_datasets
660,172,.corpus.standard.bs.results.ntmaj10art.rds,dataverse_datasets
661,173,.tab,dataverse_datasets
662,174,.zip,dataverse_datasets
663,175,.type_biome00k.cool.mixed.forest_p_1km_s0..0cm_2000..2017_v0.1.tif,dataverse_datasets
664,175,.tree.sp_eu.forest00k.quercus.ilex_p_1km_s0..0cm_2000..2017_v0.1.tif,dataverse_datasets
665,175,.v.apr_u.975_1km_s0..0cm_2014..2017_v0.1.tif,dataverse_datasets
666,175,.tree.sp_eu.forest00k.acer.pseudoplatanus_p_1km_s0..0cm_2000..2017_v0.1.tif,dataverse_datasets
667,175,.v.oct_d_1km_s0..0cm_2014..2017_v0.1.tif,dataverse_datasets
668,175,.tree.sp_eu.forest00k.fraxinus.angustifolia_p_1km_s0..0cm_2000..2017_v0.1.tif,dataverse_datasets
669,175,.tree.sp_eu.forest00k.prunus.padus_p_1km_s0..0cm_2000..2017_v0.1.tif,dataverse_datasets
670,175,.v.sep_u.975_1km_s0..0cm_2014..2017_v0.1.tif,dataverse_datasets
671,175,.type_biome00k.steppe_p_1km_s0..0cm_2000..2017_v0.1.tif,dataverse_datasets
672,175,.v.jun_sd_1km_s0..0cm_2014..2017_v0.1.tif,dataverse_datasets
673,175,.tree.sp_eu.forest00k.larix.decidua_p_1km_s0..0cm_2000..2017_v0.1.tif,dataverse_datasets
674,175,.type_biome00k.erect.dwarf.shrub.tundra_p_1km_s0..0cm_2000..2017_v0.1.tif,dataverse_datasets
675,175,.tree.sp_eu.forest00k.populus.tremula_p_1km_s0..0cm_2000..2017_v0.1.tif,dataverse_datasets
676,175,.type_biome00k.tropical.savanna_p_1km_s0..0cm_2000..2017_v0.1.tif,dataverse_datasets
677,175,.v.jul_sd_1km_s0..0cm_2014..2017_v0.1.tif,dataverse_datasets
678,175,.type_biome00k.cool.evergreen.needleleaf.forest_p_1km_s0..0cm_2000..2017_v0.1.tif,dataverse_datasets
679,175,.v.jul_u.975_1km_s0..0cm_2014..2017_v0.1.tif,dataverse_datasets
680,175,.tree.sp_eu.forest00k.juniperus.thurifera_p_1km_s0..0cm_2000..2017_v0.1.tif,dataverse_datasets
681,175,.tree.sp_eu.forest00k.abies.spp._p_1km_s0..0cm_2000..2017_v0.1.tif,dataverse_datasets
682,175,.tree.sp_eu.forest00k.fraxinus.ornus_p_1km_s0..0cm_2000..2017_v0.1.tif,dataverse_datasets
683,175,.v.feb_sd_1km_s0..0cm_2014..2017_v0.1.tif,dataverse_datasets
684,175,.type_biome00k.warm.temperate.evergreen.and.mixed.forest_p_1km_s0..0cm_2000..2017_v0.1.tif,dataverse_datasets
685,175,.type_biome00k_cf_1km_s0..0cm_2000..2017_v0.1.tif,dataverse_datasets
686,175,.tree.sp_eu.forest00k.tamarix.spp._p_1km_s0..0cm_2000..2017_v0.1.tif,dataverse_datasets
687,175,.v.nov_d_1km_s0..0cm_2014..2017_v0.1.tif,dataverse_datasets
688,175,.tree.sp_eu.forest00k.betula.spp._p_1km_s0..0cm_2000..2017_v0.1.tif,dataverse_datasets
689,175,.tree.sp_eu.forest00k.populus.nigra_p_1km_s0..0cm_2000..2017_v0.1.tif,dataverse_datasets
690,175,.tree.sp_eu.forest00k.sorbus.domestica_p_1km_s0..0cm_2000..2017_v0.1.tif,dataverse_datasets
691,175,.v.feb_d_1km_s0..0cm_2014..2017_v0.1.tif,dataverse_datasets
692,175,.v.nov_sd_1km_s0..0cm_2014..2017_v0.1.tif,dataverse_datasets
693,175,.v.jan_sd_1km_s0..0cm_2014..2017_v0.1.tif,dataverse_datasets
694,175,.tree.sp_eu.forest00k.sambucus.nigra_p_1km_s0..0cm_2000..2017_v0.1.tif,dataverse_datasets
695,175,.v.jan_u.975_1km_s0..0cm_2014..2017_v0.1.tif,dataverse_datasets
696,175,.v.feb_u.975_1km_s0..0cm_2014..2017_v0.1.tif,dataverse_datasets
697,175,.v.mar_d_1km_s0..0cm_2014..2017_v0.1.tif,dataverse_datasets
698,175,.tree.sp_eu.forest00k.ailanthus.altissima_p_1km_s0..0cm_2000..2017_v0.1.tif,dataverse_datasets
699,175,.type_biome00k.temperate.deciduous.broadleaf.forest_p_1km_s0..0cm_2000..2017_v0.1.tif,dataverse_datasets
700,175,.v.annualdiff_d_1km_s0..0cm_2014..2017_v0.1.tif,dataverse_datasets
701,175,.tree.sp_eu.forest00k.juniperus.phoenicea_p_1km_s0..0cm_2000..2017_v0.1.tif,dataverse_datasets
702,175,.type_biome00k.desert_p_1km_s0..0cm_2000..2017_v0.1.tif,dataverse_datasets
703,175,.type_biome00k.prostrate.dwarf.shrub.tundra_p_1km_s0..0cm_2000..2017_v0.1.tif,dataverse_datasets
704,175,.tree.sp_eu.forest00k.sorbus.aria_p_1km_s0..0cm_2000..2017_v0.1.tif,dataverse_datasets
705,175,.type_biome00k_c_1km_s0..0cm_2000..2017_v0.1.jpg,dataverse_datasets
706,175,.tree.sp_eu.forest00k.cornus.sanguinea_p_1km_s0..0cm_2000..2017_v0.1.tif,dataverse_datasets
707,175,.v.aug_sd.u.975_1km_s0..0cm_2014..2017_v0.1.tif,dataverse_datasets
708,175,.v.sep_d_1km_s0..0cm_2014..2017_v0.1.tif,dataverse_datasets
709,175,.v.nov_u.975_1km_s0..0cm_2014..2017_v0.1.tif,dataverse_datasets
710,175,.v.aug_u.975_1km_s0..0cm_2014..2017_v0.1.tif,dataverse_datasets
711,175,.tree.sp_eu.forest00k.quercus.robur.and.quercus.petraea_p_1km_s0..0cm_2000..2017_v0.1.tif,dataverse_datasets
712,175,.type_biome00k.graminoid.and.forb.tundra_p_1km_s0..0cm_2000..2017_v0.1.tif,dataverse_datasets
713,175,.v.oct_u.975_1km_s0..0cm_2014..2017_v0.1.tif,dataverse_datasets
714,175,.tree.sp_eu.forest00k.populus.alba_p_1km_s0..0cm_2000..2017_v0.1.tif,dataverse_datasets
715,175,.type_biome00k_c.qml,dataverse_datasets
716,175,.tree.sp_eu.forest00k.juniperus.oxycedrus_p_1km_s0..0cm_2000..2017_v0.1.tif,dataverse_datasets
717,175,.v.dec_sd.u.975_1km_s0..0cm_2014..2017_v0.1.tif,dataverse_datasets
718,175,.tree.sp_eu.forest00k.sorbus.torminalis_p_1km_s0..0cm_2000..2017_v0.1.tif,dataverse_datasets
719,175,.type_biome00k.tropical.deciduous.broadleaf.forest.and.woodland_p_1km_s0..0cm_2000..2017_v0.1.tif,dataverse_datasets
720,175,.v.may_d_1km_s0..0cm_2014..2017_v0.1.tif,dataverse_datasets
721,175,.tree.sp_eu.forest00k.frangula.alnus_p_1km_s0..0cm_2000..2017_v0.1.tif,dataverse_datasets
722,175,.tree.sp_eu.forest00k.fagus.sylvatica_p_1km_s0..0cm_2000..2017_v0.1.tif,dataverse_datasets
723,175,.v.sep_sd.u.975_1km_s0..0cm_2014..2017_v0.1.tif,dataverse_datasets
724,175,.tree.sp_eu.forest00k.quercus.palustris_p_1km_s0..0cm_2000..2017_v0.1.tif,dataverse_datasets
725,175,.tree.sp_eu.forest00k.juniperus.communis_p_1km_s0..0cm_2000..2017_v0.1.tif,dataverse_datasets
726,175,.tree.sp_eu.forest00k.ilex.aquifolium_p_1km_s0..0cm_2000..2017_v0.1.tif,dataverse_datasets
727,175,.tree.sp_eu.forest00k.prunus.spinosa_p_1km_s0..0cm_2000..2017_v0.1.tif,dataverse_datasets
728,175,.tree.sp_eu.forest00k.alnus.cordata_p_1km_s0..0cm_2000..2017_v0.1.tif,dataverse_datasets
729,175,.v.nov_sd.u.975_1km_s0..0cm_2014..2017_v0.1.tif,dataverse_datasets
730,175,.tree.sp_eu.forest00k.picea.omorika_p_1km_s0..0cm_2000..2017_v0.1.tif,dataverse_datasets
731,175,.tree.sp_eu.forest00k.picea.abies_p_1km_s0..0cm_2000..2017_v0.1.tif,dataverse_datasets
732,175,.v.aug_sd_1km_s0..0cm_2014..2017_v0.1.tif,dataverse_datasets
733,175,.type_biome00k_c_1km_s0..0cm_2000..2017_v0.1.tif.csv,dataverse_datasets
734,175,.type_biome00k_sse_1km_s0..0cm_2000..2017_v0.1.tif,dataverse_datasets
735,175,.v.apr_sd_1km_s0..0cm_2014..2017_v0.1.tif,dataverse_datasets
736,175,.tree.sp_eu.forest00k.abies.alba_p_1km_s0..0cm_2000..2017_v0.1.tif,dataverse_datasets
737,175,.tree.sp_eu.forest00k.celtis.australis_p_1km_s0..0cm_2000..2017_v0.1.tif,dataverse_datasets
738,175,.tree.sp_eu.forest00k.robinia.pseudoacacia_p_1km_s0..0cm_2000..2017_v0.1.tif,dataverse_datasets
739,175,.v.oct_sd.u.975_1km_s0..0cm_2014..2017_v0.1.tif,dataverse_datasets
740,175,.tree.sp_eu.forest00k.picea.sitchensis_p_1km_s0..0cm_2000..2017_v0.1.tif,dataverse_datasets
741,175,.tree.sp_eu.forest00k.prunus.cerasifera_p_1km_s0..0cm_2000..2017_v0.1.tif,dataverse_datasets
742,175,.tree.sp_eu.forest00k.pinus.pinea_p_1km_s0..0cm_2000..2017_v0.1.tif,dataverse_datasets
743,175,.v.jun_d_1km_s0..0cm_2014..2017_v0.1.tif,dataverse_datasets
744,175,.tree.sp_eu.forest00k.pinus.sylvestris_p_1km_s0..0cm_2000..2017_v0.1.tif,dataverse_datasets
745,175,.tree.sp_eu.forest00k.carpinus.orientalis_p_1km_s0..0cm_2000..2017_v0.1.tif,dataverse_datasets
746,175,.tree.sp_eu.forest00k.quercus.suber_p_1km_s0..0cm_2000..2017_v0.1.tif,dataverse_datasets
747,175,.v.mar_sd.u.975_1km_s0..0cm_2014..2017_v0.1.tif,dataverse_datasets
748,175,.tree.sp_eu.forest00k.aesculus.hippocastanum_p_1km_s0..0cm_2000..2017_v0.1.tif,dataverse_datasets
749,175,.v.may_sd_1km_s0..0cm_2014..2017_v0.1.tif,dataverse_datasets
750,175,.tree.sp_eu.forest00k.acer.platanoides_p_1km_s0..0cm_2000..2017_v0.1.tif,dataverse_datasets
751,175,.v.feb_sd.u.975_1km_s0..0cm_2014..2017_v0.1.tif,dataverse_datasets
752,175,.tree.sp_eu.forest00k.taxus.baccata_p_1km_s0..0cm_2000..2017_v0.1.tif,dataverse_datasets
753,175,.tree.sp_eu.forest00k.fraxinus.excelsior_p_1km_s0..0cm_2000..2017_v0.1.tif,dataverse_datasets
754,175,.type_biome00k.cool.temperate.rainforest_p_1km_s0..0cm_2000..2017_v0.1.tif,dataverse_datasets
755,175,.tree.sp_eu.forest00k.euonymus.europaeus_p_1km_s0..0cm_2000..2017_v0.1.tif,dataverse_datasets
756,175,.tree.sp_eu.forest00k.pinus.halepensis.and.pinus.brutia_p_1km_s0..0cm_2000..2017_v0.1.tif,dataverse_datasets
757,175,.v.dec_u.975_1km_s0..0cm_2014..2017_v0.1.tif,dataverse_datasets
758,175,.tree.sp_eu.forest00k.acer.campestre_p_1km_s0..0cm_2000..2017_v0.1.tif,dataverse_datasets
759,175,.v.oct_sd_1km_s0..0cm_2014..2017_v0.1.tif,dataverse_datasets
760,175,.tree.sp_eu.forest00k.corylus.avellana_p_1km_s0..0cm_2000..2017_v0.1.tif,dataverse_datasets
761,175,.tree.sp_eu.forest00k.ostrya.carpinifolia_p_1km_s0..0cm_2000..2017_v0.1.tif,dataverse_datasets
762,175,.tree.sp_eu.forest00k.prunus.avium_p_1km_s0..0cm_2000..2017_v0.1.tif,dataverse_datasets
763,175,.v.apr_d_1km_s0..0cm_2014..2017_v0.1.tif,dataverse_datasets
764,175,.tree.sp_eu.forest00k.ulmus.spp._p_1km_s0..0cm_2000..2017_v0.1.tif,dataverse_datasets
765,175,.tree.sp_eu.forest00k.castanea.sativa_p_1km_s0..0cm_2000..2017_v0.1.tif,dataverse_datasets
766,175,.tree.sp_eu.forest00k.pinus.nigra_p_1km_s0..0cm_2000..2017_v0.1.tif,dataverse_datasets
767,175,.type_biome00k.low.and.high.shrub.tundra_p_1km_s0..0cm_2000..2017_v0.1.tif,dataverse_datasets
768,175,.type_biome00k.cold.evergreen.needleleaf.forest_p_1km_s0..0cm_2000..2017_v0.1.tif,dataverse_datasets
769,175,.type_biome00k.cold.deciduous.forest_p_1km_s0..0cm_2000..2017_v0.1.tif,dataverse_datasets
770,175,.v.jun_u.975_1km_s0..0cm_2014..2017_v0.1.tif,dataverse_datasets
771,175,.tree.sp_eu.forest00k.alnus.incana_p_1km_s0..0cm_2000..2017_v0.1.tif,dataverse_datasets
772,175,.v.mar_u.975_1km_s0..0cm_2014..2017_v0.1.tif,dataverse_datasets
773,175,.v.may_u.975_1km_s0..0cm_2014..2017_v0.1.tif,dataverse_datasets
774,175,.tree.sp_eu.forest00k.pinus.pinaster_p_1km_s0..0cm_2000..2017_v0.1.tif,dataverse_datasets
775,175,.tree.sp_eu.forest00k.tilia.spp._p_1km_s0..0cm_2000..2017_v0.1.tif,dataverse_datasets
776,175,.type_biome00k_c_1km_s0..0cm_2000..2017_v0.1.tif,dataverse_datasets
777,175,.v.mar_sd_1km_s0..0cm_2014..2017_v0.1.tif,dataverse_datasets
778,175,.v.may_sd.u.975_1km_s0..0cm_2014..2017_v0.1.tif,dataverse_datasets
779,175,.tree.sp_eu.forest00k.quercus.pubescens_p_1km_s0..0cm_2000..2017_v0.1.tif,dataverse_datasets
780,175,.tree.sp_eu.forest00k.olea.europaea_p_1km_s0..0cm_2000..2017_v0.1.tif,dataverse_datasets
781,175,.v.jun_sd.u.975_1km_s0..0cm_2014..2017_v0.1.tif,dataverse_datasets
782,175,.tree.sp_eu.forest00k.juglans.regia_p_1km_s0..0cm_2000..2017_v0.1.tif,dataverse_datasets
783,175,.tree.sp_eu.forest00k.quercus.frainetto_p_1km_s0..0cm_2000..2017_v0.1.tif,dataverse_datasets
784,175,.v.jan_sd.u.975_1km_s0..0cm_2014..2017_v0.1.tif,dataverse_datasets
785,175,.v.annual_sd_1km_s0..0cm_2014..2017_v0.1.tif,dataverse_datasets
786,175,.tree.sp_eu.forest00k.cupressus.sempervirens_p_1km_s0..0cm_2000..2017_v0.1.tif,dataverse_datasets
787,175,.tree.sp_eu.forest00k.salix.alba_p_1km_s0..0cm_2000..2017_v0.1.tif,dataverse_datasets
788,175,.v.aug_d_1km_s0..0cm_2014..2017_v0.1.tif,dataverse_datasets
789,175,.type_biome00k.temperate.sclerophyll.woodland.and.shrubland_p_1km_s0..0cm_2000..2017_v0.1.tif,dataverse_datasets
790,175,.v.dec_sd_1km_s0..0cm_2014..2017_v0.1.tif,dataverse_datasets
791,175,.v.jul_sd.u.975_1km_s0..0cm_2014..2017_v0.1.tif,dataverse_datasets
792,175,.v.jan_d_1km_s0..0cm_2014..2017_v0.1.tif,dataverse_datasets
793,175,.v.sep_sd_1km_s0..0cm_2014..2017_v0.1.tif,dataverse_datasets
794,175,.type_biome00k.temperate.evergreen.needleleaf.open.woodland_p_1km_s0..0cm_2000..2017_v0.1.tif,dataverse_datasets
795,175,.v.dec_d_1km_s0..0cm_2014..2017_v0.1.tif,dataverse_datasets
796,175,.tree.sp_eu.forest00k.alnus.glutinosa_p_1km_s0..0cm_2000..2017_v0.1.tif,dataverse_datasets
797,175,.v.apr_sd.u.975_1km_s0..0cm_2014..2017_v0.1.tif,dataverse_datasets
798,175,.tree.sp_eu.forest00k.pinus.cembra_p_1km_s0..0cm_2000..2017_v0.1.tif,dataverse_datasets
799,175,.tree.sp_eu.forest00k.quercus.pyrenaica_p_1km_s0..0cm_2000..2017_v0.1.tif,dataverse_datasets
800,175,.type_biome00k.tropical.evergreen.broadleaf.forest_p_1km_s0..0cm_2000..2017_v0.1.tif,dataverse_datasets
801,175,.type_biome00k.xerophytic.woods.scrub_p_1km_s0..0cm_2000..2017_v0.1.tif,dataverse_datasets
802,175,.v.jul_d_1km_s0..0cm_2014..2017_v0.1.tif,dataverse_datasets
803,175,.tree.sp_eu.forest00k.pinus.mugo_p_1km_s0..0cm_2000..2017_v0.1.tif,dataverse_datasets
804,175,.tree.sp_eu.forest00k.prunus.mahaleb_p_1km_s0..0cm_2000..2017_v0.1.tif,dataverse_datasets
805,175,.v.annual_d_1km_s0..0cm_2014..2017_v0.1.tif,dataverse_datasets
806,175,.tree.sp_eu.forest00k.quercus.cerris_p_1km_s0..0cm_2000..2017_v0.1.tif,dataverse_datasets
807,175,.type_biome00k.tropical.semi.evergreen.broadleaf.forest_p_1km_s0..0cm_2000..2017_v0.1.tif,dataverse_datasets
808,175,.tree.sp_eu.forest00k.carpinus.betulus_p_1km_s0..0cm_2000..2017_v0.1.tif,dataverse_datasets
809,175,.tree.sp_eu.forest00k.cornus.mas_p_1km_s0..0cm_2000..2017_v0.1.tif,dataverse_datasets
810,175,.tree.sp_eu.forest00k.alnus.viridis_p_1km_s0..0cm_2000..2017_v0.1.tif,dataverse_datasets
811,176,.RData,dataverse_datasets
812,176,.R,dataverse_datasets
813,176,.docx,dataverse_datasets
814,177,.rds,dataverse_datasets
815,178,.xlsx,dataverse_datasets
816,179,.sfc.gauss-14d-1948-2018.h5,dataverse_datasets
817,179,.sig995-14d-1948-2018.h5,dataverse_datasets
818,179,.h5,dataverse_datasets
819,179,.eatm-14d-1948-2018.h5,dataverse_datasets
820,180,.tif,dataverse_datasets
821,181,.zip,dataverse_datasets
822,181,.tab,dataverse_datasets
823,182,. ris_future_coffee_climate_suitability.zip,dataverse_datasets
824,182,. ris_baseline_coffee_climate_suitability.zip,dataverse_datasets
825,183,.tab,dataverse_datasets
826,184,.las,dataverse_datasets
827,184,.tab,dataverse_datasets
828,184,.csv,dataverse_datasets
829,185,.pdf,dataverse_datasets
830,185,.zip,dataverse_datasets
831,185,.tab,dataverse_datasets
832,186,.111.bmp,dataverse_datasets
833,186,.183.bmp,dataverse_datasets
834,186,.107.bmp,dataverse_datasets
835,186,.172.bmp,dataverse_datasets
836,186,.102.bmp,dataverse_datasets
837,186,.47.bmp,dataverse_datasets
838,186,.41.bmp,dataverse_datasets
839,186,.161.bmp,dataverse_datasets
840,186,.1.bmp,dataverse_datasets
841,186,.143.bmp,dataverse_datasets
842,186,.171.bmp,dataverse_datasets
843,186,.54.bmp,dataverse_datasets
844,186,.168.bmp,dataverse_datasets
845,186,.18.bmp,dataverse_datasets
846,186,.11.bmp,dataverse_datasets
847,186,.200.bmp,dataverse_datasets
848,186,.10.bmp,dataverse_datasets
849,186,.142.bmp,dataverse_datasets
850,186,.0.bmp,dataverse_datasets
851,186,.35.bmp,dataverse_datasets
852,186,.152.bmp,dataverse_datasets
853,186,.16.bmp,dataverse_datasets
854,186,.42.bmp,dataverse_datasets
855,186,.198.bmp,dataverse_datasets
856,186,.169.bmp,dataverse_datasets
857,186,.92.bmp,dataverse_datasets
858,186,.8.bmp,dataverse_datasets
859,186,.73.bmp,dataverse_datasets
860,186,.131.bmp,dataverse_datasets
861,186,.66.bmp,dataverse_datasets
862,186,.36.bmp,dataverse_datasets
863,186,.176.bmp,dataverse_datasets
864,186,.60.bmp,dataverse_datasets
865,186,.179.bmp,dataverse_datasets
866,186,.45.bmp,dataverse_datasets
867,186,.112.bmp,dataverse_datasets
868,186,.175.bmp,dataverse_datasets
869,186,.174.bmp,dataverse_datasets
870,186,.100.bmp,dataverse_datasets
871,186,.118.bmp,dataverse_datasets
872,186,.132.bmp,dataverse_datasets
873,186,.80.bmp,dataverse_datasets
874,186,.202.bmp,dataverse_datasets
875,186,.184.bmp,dataverse_datasets
876,186,.69.bmp,dataverse_datasets
877,186,.83.bmp,dataverse_datasets
878,186,.68.bmp,dataverse_datasets
879,186,.173.bmp,dataverse_datasets
880,186,.55.bmp,dataverse_datasets
881,186,.145.bmp,dataverse_datasets
882,186,.22.bmp,dataverse_datasets
883,186,.91.bmp,dataverse_datasets
884,186,.117.bmp,dataverse_datasets
885,186,.157.bmp,dataverse_datasets
886,186,.71.bmp,dataverse_datasets
887,186,.33.bmp,dataverse_datasets
888,186,.133.bmp,dataverse_datasets
889,186,.151.bmp,dataverse_datasets
890,186,.124.bmp,dataverse_datasets
891,186,.96.bmp,dataverse_datasets
892,186,.185.bmp,dataverse_datasets
893,186,.76.bmp,dataverse_datasets
894,186,.82.bmp,dataverse_datasets
895,186,.88.bmp,dataverse_datasets
896,186,.19.bmp,dataverse_datasets
897,186,.128.bmp,dataverse_datasets
898,186,.67.bmp,dataverse_datasets
899,186,.61.bmp,dataverse_datasets
900,186,.127.bmp,dataverse_datasets
901,186,.207.bmp,dataverse_datasets
902,186,.208.bmp,dataverse_datasets
903,186,.78.bmp,dataverse_datasets
904,186,.51.bmp,dataverse_datasets
905,186,.135.bmp,dataverse_datasets
906,186,.190.bmp,dataverse_datasets
907,186,.130.bmp,dataverse_datasets
908,186,.43.bmp,dataverse_datasets
909,186,.26.bmp,dataverse_datasets
910,186,.192.bmp,dataverse_datasets
911,186,.98.bmp,dataverse_datasets
912,186,.75.bmp,dataverse_datasets
913,186,.77.bmp,dataverse_datasets
914,186,.17.bmp,dataverse_datasets
915,186,.194.bmp,dataverse_datasets
916,186,.30.bmp,dataverse_datasets
917,186,.110.bmp,dataverse_datasets
918,186,.24.bmp,dataverse_datasets
919,186,.85.bmp,dataverse_datasets
920,186,.105.bmp,dataverse_datasets
921,186,.123.bmp,dataverse_datasets
922,186,.94.bmp,dataverse_datasets
923,186,.119.bmp,dataverse_datasets
924,186,.125.bmp,dataverse_datasets
925,186,.70.bmp,dataverse_datasets
926,186,.72.bmp,dataverse_datasets
927,186,.159.bmp,dataverse_datasets
928,186,.147.bmp,dataverse_datasets
929,186,.89.bmp,dataverse_datasets
930,186,.74.bmp,dataverse_datasets
931,186,.109.bmp,dataverse_datasets
932,186,.162.bmp,dataverse_datasets
933,186,.14.bmp,dataverse_datasets
934,186,.155.bmp,dataverse_datasets
935,186,.99.bmp,dataverse_datasets
936,186,.97.bmp,dataverse_datasets
937,186,.44.bmp,dataverse_datasets
938,186,.37.bmp,dataverse_datasets
939,186,.2.bmp,dataverse_datasets
940,186,.5.bmp,dataverse_datasets
941,186,.189.bmp,dataverse_datasets
942,186,.28.bmp,dataverse_datasets
943,186,.140.bmp,dataverse_datasets
944,186,.137.bmp,dataverse_datasets
945,186,.7.bmp,dataverse_datasets
946,186,.150.bmp,dataverse_datasets
947,186,.15.bmp,dataverse_datasets
948,186,.170.bmp,dataverse_datasets
949,186,.114.bmp,dataverse_datasets
950,186,.187.bmp,dataverse_datasets
951,186,.197.bmp,dataverse_datasets
952,186,.160.bmp,dataverse_datasets
953,186,.113.bmp,dataverse_datasets
954,186,.20.bmp,dataverse_datasets
955,186,.50.bmp,dataverse_datasets
956,186,.53.bmp,dataverse_datasets
957,186,.65.bmp,dataverse_datasets
958,186,.106.bmp,dataverse_datasets
959,186,.193.bmp,dataverse_datasets
960,186,.9.bmp,dataverse_datasets
961,186,.153.bmp,dataverse_datasets
962,186,.120.bmp,dataverse_datasets
963,186,.144.bmp,dataverse_datasets
964,186,.188.bmp,dataverse_datasets
965,186,.199.bmp,dataverse_datasets
966,186,.23.bmp,dataverse_datasets
967,186,.39.bmp,dataverse_datasets
968,186,.57.bmp,dataverse_datasets
969,186,.138.bmp,dataverse_datasets
970,186,.31.bmp,dataverse_datasets
971,186,.95.bmp,dataverse_datasets
972,186,.63.bmp,dataverse_datasets
973,186,.116.bmp,dataverse_datasets
974,186,.156.bmp,dataverse_datasets
975,186,.163.bmp,dataverse_datasets
976,186,.32.bmp,dataverse_datasets
977,186,.129.bmp,dataverse_datasets
978,186,.154.bmp,dataverse_datasets
979,186,.40.bmp,dataverse_datasets
980,186,.164.bmp,dataverse_datasets
981,186,.206.bmp,dataverse_datasets
982,186,.46.bmp,dataverse_datasets
983,186,.195.bmp,dataverse_datasets
984,186,.141.bmp,dataverse_datasets
985,186,.52.bmp,dataverse_datasets
986,186,.101.bmp,dataverse_datasets
987,186,.3.bmp,dataverse_datasets
988,186,.167.bmp,dataverse_datasets
989,186,.21.bmp,dataverse_datasets
990,186,.177.bmp,dataverse_datasets
991,186,.126.bmp,dataverse_datasets
992,186,.6.bmp,dataverse_datasets
993,186,.4.bmp,dataverse_datasets
994,186,.49.bmp,dataverse_datasets
995,186,.205.bmp,dataverse_datasets
996,186,.29.bmp,dataverse_datasets
997,186,.146.bmp,dataverse_datasets
998,186,.84.bmp,dataverse_datasets
999,186,.81.bmp,dataverse_datasets
1000,186,.104.bmp,dataverse_datasets
1001,186,.62.bmp,dataverse_datasets
1002,186,.79.bmp,dataverse_datasets
1003,186,.25.bmp,dataverse_datasets
1004,186,.139.bmp,dataverse_datasets
1005,186,.182.bmp,dataverse_datasets
1006,186,.204.bmp,dataverse_datasets
1007,186,.149.bmp,dataverse_datasets
1008,186,.134.bmp,dataverse_datasets
1009,186,.27.bmp,dataverse_datasets
1010,186,.12.bmp,dataverse_datasets
1011,186,.136.bmp,dataverse_datasets
1012,186,.58.bmp,dataverse_datasets
1013,186,.165.bmp,dataverse_datasets
1014,186,.181.bmp,dataverse_datasets
1015,186,.86.bmp,dataverse_datasets
1016,186,.59.bmp,dataverse_datasets
1017,186,.13.bmp,dataverse_datasets
1018,186,.158.bmp,dataverse_datasets
1019,186,.90.bmp,dataverse_datasets
1020,186,.166.bmp,dataverse_datasets
1021,186,.178.bmp,dataverse_datasets
1022,186,.196.bmp,dataverse_datasets
1023,186,.93.bmp,dataverse_datasets
1024,186,.121.bmp,dataverse_datasets
1025,186,.203.bmp,dataverse_datasets
1026,186,.87.bmp,dataverse_datasets
1027,186,.34.bmp,dataverse_datasets
1028,186,.180.bmp,dataverse_datasets
1029,186,.38.bmp,dataverse_datasets
1030,186,.148.bmp,dataverse_datasets
1031,186,.201.bmp,dataverse_datasets
1032,186,.186.bmp,dataverse_datasets
1033,186,.48.bmp,dataverse_datasets
1034,186,.64.bmp,dataverse_datasets
1035,186,.108.bmp,dataverse_datasets
1036,186,.56.bmp,dataverse_datasets
1037,186,.115.bmp,dataverse_datasets
1038,186,.191.bmp,dataverse_datasets
1039,186,.122.bmp,dataverse_datasets
1040,186,.103.bmp,dataverse_datasets
1041,187,.tab,dataverse_datasets
1042,188,.pdf,dataverse_datasets
1043,188,.tab,dataverse_datasets
1044,188,.RData,dataverse_datasets
1045,188,.Rda,dataverse_datasets
1046,188,.rda,dataverse_datasets
1047,188,.png,dataverse_datasets
1048,188,.csv,dataverse_datasets
1049,188,.R,dataverse_datasets
1050,189,,dataverse_datasets
1051,189,.pdf,dataverse_datasets
1052,189,.tab,dataverse_datasets
1053,189,.yml,dataverse_datasets
1054,189,.md,dataverse_datasets
1055,189,.R,dataverse_datasets
1056,189,.txt,dataverse_datasets
1057,190,.tab,dataverse_datasets
1058,190,.R,dataverse_datasets
1059,191,.tar.bz2,dataverse_datasets
1060,192,.tab,dataverse_datasets
1061,193,.7z,dataverse_datasets
1062,194,.pdf,dataverse_datasets
1063,194,,dataverse_datasets
1064,194,.tab,dataverse_datasets
1065,194,.Rdata,dataverse_datasets
1066,194,.tex,dataverse_datasets
1067,194,.mp4,dataverse_datasets
1068,194,.Rds,dataverse_datasets
1069,194,.csv,dataverse_datasets
1070,194,.zip,dataverse_datasets
1071,194,.R,dataverse_datasets
1072,194,.txt,dataverse_datasets
1073,195,.txt,dataverse_datasets
1074,196,.zip,dataverse_datasets
1075,197,.mp4,dataverse_datasets
1076,198,.pdf,dataverse_datasets
1077,198,.tab,dataverse_datasets
1078,198,.py,dataverse_datasets
1079,198,.csv,dataverse_datasets
1080,198,.R,dataverse_datasets
1081,199,.tab,dataverse_datasets
1082,199,.json,dataverse_datasets
1083,199,.txt,dataverse_datasets
1084,200,.tar.gz,dataverse_datasets
1085,201,.pdf,dataverse_datasets
1086,201,.php,dataverse_datasets
1087,201,.tab,dataverse_datasets
1088,201,.ztt,dataverse_datasets
1089,201,.PNG,dataverse_datasets
1090,201,.tex,dataverse_datasets
1091,201,.png,dataverse_datasets
1092,201,.docx,dataverse_datasets
1093,201,.csv,dataverse_datasets
1094,201,.md,dataverse_datasets
1095,201,.zip,dataverse_datasets
1096,201,.R,dataverse_datasets
1097,201,.txt,dataverse_datasets
1098,202,.pdf,dataverse_datasets
1099,202,.tab,dataverse_datasets
1100,202,.do,dataverse_datasets
1101,202,.csv,dataverse_datasets
1102,202,.R,dataverse_datasets
1103,203,.rar,dataverse_datasets
1104,203,.docx,dataverse_datasets
1105,203,.ipynb,dataverse_datasets
1106,204,.tab,dataverse_datasets
1107,205,.tar.gz,dataverse_datasets
1108,206,.pdf,dataverse_datasets
1109,206,.zip,dataverse_datasets
1110,207,.acl16.learning_traces.13m.csv.gz,dataverse_datasets
1111,208,.xz,dataverse_datasets
1112,209,.pdf,dataverse_datasets
1113,209,.2.accdb,dataverse_datasets
1114,209,.1.accdb,dataverse_datasets
1115,209,.accdb,dataverse_datasets
1116,210,.2.zip,dataverse_datasets
1117,211,,dataverse_datasets
1118,211,.py,dataverse_datasets
1119,211,.SQL,dataverse_datasets
1120,212,.111.bmp,dataverse_datasets
1121,212,.183.bmp,dataverse_datasets
1122,212,.107.bmp,dataverse_datasets
1123,212,.172.bmp,dataverse_datasets
1124,212,.102.bmp,dataverse_datasets
1125,212,.47.bmp,dataverse_datasets
1126,212,.41.bmp,dataverse_datasets
1127,212,.161.bmp,dataverse_datasets
1128,212,.1.bmp,dataverse_datasets
1129,212,.143.bmp,dataverse_datasets
1130,212,.171.bmp,dataverse_datasets
1131,212,.54.bmp,dataverse_datasets
1132,212,.168.bmp,dataverse_datasets
1133,212,.18.bmp,dataverse_datasets
1134,212,.11.bmp,dataverse_datasets
1135,212,.200.bmp,dataverse_datasets
1136,212,.10.bmp,dataverse_datasets
1137,212,.142.bmp,dataverse_datasets
1138,212,.0.bmp,dataverse_datasets
1139,212,.35.bmp,dataverse_datasets
1140,212,.152.bmp,dataverse_datasets
1141,212,.16.bmp,dataverse_datasets
1142,212,.198.bmp,dataverse_datasets
1143,212,.42.bmp,dataverse_datasets
1144,212,.169.bmp,dataverse_datasets
1145,212,.92.bmp,dataverse_datasets
1146,212,.8.bmp,dataverse_datasets
1147,212,.131.bmp,dataverse_datasets
1148,212,.73.bmp,dataverse_datasets
1149,212,.66.bmp,dataverse_datasets
1150,212,.36.bmp,dataverse_datasets
1151,212,.176.bmp,dataverse_datasets
1152,212,.60.bmp,dataverse_datasets
1153,212,.179.bmp,dataverse_datasets
1154,212,.45.bmp,dataverse_datasets
1155,212,.112.bmp,dataverse_datasets
1156,212,.175.bmp,dataverse_datasets
1157,212,.174.bmp,dataverse_datasets
1158,212,.100.bmp,dataverse_datasets
1159,212,.118.bmp,dataverse_datasets
1160,212,.132.bmp,dataverse_datasets
1161,212,.80.bmp,dataverse_datasets
1162,212,.202.bmp,dataverse_datasets
1163,212,.184.bmp,dataverse_datasets
1164,212,.69.bmp,dataverse_datasets
1165,212,.83.bmp,dataverse_datasets
1166,212,.68.bmp,dataverse_datasets
1167,212,.h5,dataverse_datasets
1168,212,.173.bmp,dataverse_datasets
1169,212,.55.bmp,dataverse_datasets
1170,212,.145.bmp,dataverse_datasets
1171,212,.22.bmp,dataverse_datasets
1172,212,.91.bmp,dataverse_datasets
1173,212,.117.bmp,dataverse_datasets
1174,212,.157.bmp,dataverse_datasets
1175,212,.133.bmp,dataverse_datasets
1176,212,.33.bmp,dataverse_datasets
1177,212,.151.bmp,dataverse_datasets
1178,212,.71.bmp,dataverse_datasets
1179,212,.124.bmp,dataverse_datasets
1180,212,.96.bmp,dataverse_datasets
1181,212,.185.bmp,dataverse_datasets
1182,212,.76.bmp,dataverse_datasets
1183,212,.82.bmp,dataverse_datasets
1184,212,.88.bmp,dataverse_datasets
1185,212,.19.bmp,dataverse_datasets
1186,212,.128.bmp,dataverse_datasets
1187,212,.67.bmp,dataverse_datasets
1188,212,.61.bmp,dataverse_datasets
1189,212,.127.bmp,dataverse_datasets
1190,212,.207.bmp,dataverse_datasets
1191,212,.78.bmp,dataverse_datasets
1192,212,.135.bmp,dataverse_datasets
1193,212,.51.bmp,dataverse_datasets
1194,212,.190.bmp,dataverse_datasets
1195,212,.130.bmp,dataverse_datasets
1196,212,.192.bmp,dataverse_datasets
1197,212,.26.bmp,dataverse_datasets
1198,212,.43.bmp,dataverse_datasets
1199,212,.98.bmp,dataverse_datasets
1200,212,.75.bmp,dataverse_datasets
1201,212,.77.bmp,dataverse_datasets
1202,212,.17.bmp,dataverse_datasets
1203,212,.194.bmp,dataverse_datasets
1204,212,.30.bmp,dataverse_datasets
1205,212,.110.bmp,dataverse_datasets
1206,212,.24.bmp,dataverse_datasets
1207,212,.85.bmp,dataverse_datasets
1208,212,.json,dataverse_datasets
1209,212,.105.bmp,dataverse_datasets
1210,212,.123.bmp,dataverse_datasets
1211,212,.94.bmp,dataverse_datasets
1212,212,.119.bmp,dataverse_datasets
1213,212,.125.bmp,dataverse_datasets
1214,212,.70.bmp,dataverse_datasets
1215,212,.159.bmp,dataverse_datasets
1216,212,.72.bmp,dataverse_datasets
1217,212,.147.bmp,dataverse_datasets
1218,212,.89.bmp,dataverse_datasets
1219,212,.74.bmp,dataverse_datasets
1220,212,.109.bmp,dataverse_datasets
1221,212,.162.bmp,dataverse_datasets
1222,212,.14.bmp,dataverse_datasets
1223,212,.155.bmp,dataverse_datasets
1224,212,.99.bmp,dataverse_datasets
1225,212,.97.bmp,dataverse_datasets
1226,212,.37.bmp,dataverse_datasets
1227,212,.44.bmp,dataverse_datasets
1228,212,.2.bmp,dataverse_datasets
1229,212,.5.bmp,dataverse_datasets
1230,212,.189.bmp,dataverse_datasets
1231,212,.28.bmp,dataverse_datasets
1232,212,.140.bmp,dataverse_datasets
1233,212,.137.bmp,dataverse_datasets
1234,212,.7.bmp,dataverse_datasets
1235,212,.150.bmp,dataverse_datasets
1236,212,.15.bmp,dataverse_datasets
1237,212,.170.bmp,dataverse_datasets
1238,212,.114.bmp,dataverse_datasets
1239,212,.187.bmp,dataverse_datasets
1240,212,.197.bmp,dataverse_datasets
1241,212,.160.bmp,dataverse_datasets
1242,212,.113.bmp,dataverse_datasets
1243,212,.20.bmp,dataverse_datasets
1244,212,.193.bmp,dataverse_datasets
1245,212,.50.bmp,dataverse_datasets
1246,212,.53.bmp,dataverse_datasets
1247,212,.106.bmp,dataverse_datasets
1248,212,.65.bmp,dataverse_datasets
1249,212,.9.bmp,dataverse_datasets
1250,212,.153.bmp,dataverse_datasets
1251,212,.120.bmp,dataverse_datasets
1252,212,.144.bmp,dataverse_datasets
1253,212,.188.bmp,dataverse_datasets
1254,212,.199.bmp,dataverse_datasets
1255,212,.23.bmp,dataverse_datasets
1256,212,.39.bmp,dataverse_datasets
1257,212,.57.bmp,dataverse_datasets
1258,212,.138.bmp,dataverse_datasets
1259,212,.31.bmp,dataverse_datasets
1260,212,.95.bmp,dataverse_datasets
1261,212,.63.bmp,dataverse_datasets
1262,212,.116.bmp,dataverse_datasets
1263,212,.156.bmp,dataverse_datasets
1264,212,.163.bmp,dataverse_datasets
1265,212,.32.bmp,dataverse_datasets
1266,212,.129.bmp,dataverse_datasets
1267,212,.154.bmp,dataverse_datasets
1268,212,.40.bmp,dataverse_datasets
1269,212,.164.bmp,dataverse_datasets
1270,212,.206.bmp,dataverse_datasets
1271,212,.46.bmp,dataverse_datasets
1272,212,.195.bmp,dataverse_datasets
1273,212,.141.bmp,dataverse_datasets
1274,212,.52.bmp,dataverse_datasets
1275,212,.101.bmp,dataverse_datasets
1276,212,.3.bmp,dataverse_datasets
1277,212,.167.bmp,dataverse_datasets
1278,212,.21.bmp,dataverse_datasets
1279,212,.177.bmp,dataverse_datasets
1280,212,.126.bmp,dataverse_datasets
1281,212,.6.bmp,dataverse_datasets
1282,212,.4.bmp,dataverse_datasets
1283,212,.49.bmp,dataverse_datasets
1284,212,.205.bmp,dataverse_datasets
1285,212,.29.bmp,dataverse_datasets
1286,212,.146.bmp,dataverse_datasets
1287,212,.84.bmp,dataverse_datasets
1288,212,.81.bmp,dataverse_datasets
1289,212,.104.bmp,dataverse_datasets
1290,212,.62.bmp,dataverse_datasets
1291,212,.79.bmp,dataverse_datasets
1292,212,.25.bmp,dataverse_datasets
1293,212,.139.bmp,dataverse_datasets
1294,212,.182.bmp,dataverse_datasets
1295,212,.204.bmp,dataverse_datasets
1296,212,.149.bmp,dataverse_datasets
1297,212,.134.bmp,dataverse_datasets
1298,212,.27.bmp,dataverse_datasets
1299,212,.12.bmp,dataverse_datasets
1300,212,.136.bmp,dataverse_datasets
1301,212,.181.bmp,dataverse_datasets
1302,212,.58.bmp,dataverse_datasets
1303,212,.86.bmp,dataverse_datasets
1304,212,.59.bmp,dataverse_datasets
1305,212,.13.bmp,dataverse_datasets
1306,212,.158.bmp,dataverse_datasets
1307,212,.90.bmp,dataverse_datasets
1308,212,.166.bmp,dataverse_datasets
1309,212,.178.bmp,dataverse_datasets
1310,212,.196.bmp,dataverse_datasets
1311,212,.93.bmp,dataverse_datasets
1312,212,.121.bmp,dataverse_datasets
1313,212,.203.bmp,dataverse_datasets
1314,212,.87.bmp,dataverse_datasets
1315,212,.34.bmp,dataverse_datasets
1316,212,.180.bmp,dataverse_datasets
1317,212,.38.bmp,dataverse_datasets
1318,212,.148.bmp,dataverse_datasets
1319,212,.201.bmp,dataverse_datasets
1320,212,.186.bmp,dataverse_datasets
1321,212,.48.bmp,dataverse_datasets
1322,212,.64.bmp,dataverse_datasets
1323,212,.108.bmp,dataverse_datasets
1324,212,.56.bmp,dataverse_datasets
1325,212,.115.bmp,dataverse_datasets
1326,212,.191.bmp,dataverse_datasets
1327,212,.122.bmp,dataverse_datasets
1328,212,.103.bmp,dataverse_datasets
1329,213,.pdf,dataverse_datasets
1330,213,.tab,dataverse_datasets
1331,213,.RData,dataverse_datasets
1332,213,.Rmd,dataverse_datasets
1333,213,.txt,dataverse_datasets
1334,214,.tar.gz,dataverse_datasets
1335,214,.txt,dataverse_datasets
1336,215,.partition.3.fold.2.tab,dataverse_datasets
1337,215,.partition.5.fold.1.tab,dataverse_datasets
1338,215,.partition.2.fold.2.tab,dataverse_datasets
1339,215,.partition.5.fold.2.tab,dataverse_datasets
1340,215,.partition.1.fold.1.tab,dataverse_datasets
1341,215,.partition.3.fold.1.tab,dataverse_datasets
1342,215,.partition.1.fold.2.tab,dataverse_datasets
1343,215,.partition.2.fold.1.tab,dataverse_datasets
1344,215,.partition.4.fold.2.tab,dataverse_datasets
1345,215,.partition.4.fold.1.tab,dataverse_datasets
1346,216,.tar.gz,dataverse_datasets
1347,217,.tar.gz.ag,dataverse_datasets
1348,217,.tar.gz.cf,dataverse_datasets
1349,217,.tar.gz.bq,dataverse_datasets
1350,217,.tar.gz.ah,dataverse_datasets
1351,217,.tar.gz.bl,dataverse_datasets
1352,217,.tar.gz.af,dataverse_datasets
1353,217,.tar.gz.cl,dataverse_datasets
1354,217,.tar.gz.aw,dataverse_datasets
1355,217,.tar.gz.am,dataverse_datasets
1356,217,.tar.gz.ay,dataverse_datasets
1357,217,.tar.gz.bm,dataverse_datasets
1358,217,.tar.gz.cs,dataverse_datasets
1359,217,.tar.gz.ad,dataverse_datasets
1360,217,.tar.gz.as,dataverse_datasets
1361,217,.tar.gz.bd,dataverse_datasets
1362,217,.tar.gz.cg,dataverse_datasets
1363,217,.tar.gz.bn,dataverse_datasets
1364,217,.tar.gz.bu,dataverse_datasets
1365,217,.tar.gz.bw,dataverse_datasets
1366,217,.tar.gz.az,dataverse_datasets
1367,217,.tar.gz.aa,dataverse_datasets
1368,217,.tar.gz.cw,dataverse_datasets
1369,217,.tar.gz.ck,dataverse_datasets
1370,217,.tar.gz.cm,dataverse_datasets
1371,217,.tar.gz.cy,dataverse_datasets
1372,217,.tar.gz.br,dataverse_datasets
1373,217,.tar.gz.cb,dataverse_datasets
1374,217,.tar.gz.cv,dataverse_datasets
1375,217,.tar.gz.cn,dataverse_datasets
1376,217,.tar.gz.cq,dataverse_datasets
1377,217,.tar.gz.bb,dataverse_datasets
1378,217,.tar.gz.ai,dataverse_datasets
1379,217,.tar.gz.bc,dataverse_datasets
1380,217,.tar.gz.cx,dataverse_datasets
1381,217,.tar.gz.co,dataverse_datasets
1382,217,.tar.gz.ap,dataverse_datasets
1383,217,.tar.gz.bv,dataverse_datasets
1384,217,.tar.gz.bi,dataverse_datasets
1385,217,.tar.gz.bz,dataverse_datasets
1386,217,.tar.gz.ab,dataverse_datasets
1387,217,.tar.gz.aq,dataverse_datasets
1388,217,.tar.gz.be,dataverse_datasets
1389,217,.tar.gz.bo,dataverse_datasets
1390,217,.tar.gz.an,dataverse_datasets
1391,217,.tar.gz.ar,dataverse_datasets
1392,217,.tar.gz.cr,dataverse_datasets
1393,217,.tar.gz.bp,dataverse_datasets
1394,217,.tar.gz.cd,dataverse_datasets
1395,217,.tar.gz.cc,dataverse_datasets
1396,217,.tar.gz.au,dataverse_datasets
1397,217,.tar.gz.cj,dataverse_datasets
1398,217,.tar.gz.bk,dataverse_datasets
1399,217,.tar.gz.cz,dataverse_datasets
1400,217,.tar.gz.at,dataverse_datasets
1401,217,.tar.gz.ba,dataverse_datasets
1402,217,.tar.gz.al,dataverse_datasets
1403,217,.tar.gz.ac,dataverse_datasets
1404,217,.tar.gz.ct,dataverse_datasets
1405,217,.tar.gz.by,dataverse_datasets
1406,217,.tar.gz.ak,dataverse_datasets
1407,217,.tar.gz.bt,dataverse_datasets
1408,217,.tar.gz.ci,dataverse_datasets
1409,217,.tar.gz.bg,dataverse_datasets
1410,217,.tar.gz.bh,dataverse_datasets
1411,217,.tar.gz.aj,dataverse_datasets
1412,217,.tar.gz.av,dataverse_datasets
1413,217,.tar.gz.cp,dataverse_datasets
1414,217,.tar.gz.bx,dataverse_datasets
1415,217,.tar.gz.ao,dataverse_datasets
1416,217,.tar.gz.ca,dataverse_datasets
1417,217,.tar.gz.cu,dataverse_datasets
1418,217,.tar.gz.ae,dataverse_datasets
1419,217,.tar.gz.ch,dataverse_datasets
1420,217,.tar.gz.ax,dataverse_datasets
1421,217,.tar.gz.bj,dataverse_datasets
1422,217,.tar.gz.bs,dataverse_datasets
1423,217,.tar.gz.bf,dataverse_datasets
1424,217,.tar.gz.ce,dataverse_datasets
1425,218,,dataverse_datasets
1426,218,.pdf,dataverse_datasets
1427,218,.tab,dataverse_datasets
1428,218,.est.c.txt,dataverse_datasets
1429,218,.RData,dataverse_datasets
1430,218,.Rmd,dataverse_datasets
1431,218,.py,dataverse_datasets
1432,218,.xls,dataverse_datasets
1433,218,.est.fitted.txt,dataverse_datasets
1434,218,.csv,dataverse_datasets
1435,218,.R,dataverse_datasets
1436,218,.txt,dataverse_datasets
1437,219,.zip,dataverse_datasets
1438,220,.zip,dataverse_datasets
1439,221,.csv,dataverse_datasets
1440,222,.dataset-1.tab,dataverse_datasets
1441,222,.dataset.tab,dataverse_datasets
1442,223,.zip,dataverse_datasets
1443,223,.tab,dataverse_datasets
1444,223,.ipynb,dataverse_datasets
1445,224,.png,dataverse_datasets
1446,224,.h5,dataverse_datasets
1447,225,. Docs Topics.csv,dataverse_datasets
1448,226,. Number of articles by computer science topics.csv,dataverse_datasets
1449,227,.zip,dataverse_datasets
1450,228,.cpython-37.pyc,dataverse_datasets
1451,228,,dataverse_datasets
1452,228,.pdf,dataverse_datasets
1453,228,.ipynb,dataverse_datasets
1454,228,.py,dataverse_datasets
1455,228,.cpython-36.pyc,dataverse_datasets
1456,228,.txt,dataverse_datasets
1457,229,.zip,dataverse_datasets
1458,229,.tab,dataverse_datasets
1459,229,.py,dataverse_datasets
1460,230,.pdf,dataverse_datasets
1461,230,,dataverse_datasets
1462,230,.tab,dataverse_datasets
1463,230,.sh,dataverse_datasets
1464,230,.tex,dataverse_datasets
1465,230,.py,dataverse_datasets
1466,230,.csv,dataverse_datasets
1467,230,.md,dataverse_datasets
1468,230,.zip,dataverse_datasets
1469,230,.svg,dataverse_datasets
1470,230,.R,dataverse_datasets
1471,231,.txt,dataverse_datasets
1472,231,.7z,dataverse_datasets
1473,231,.docx,dataverse_datasets
1474,232,.py,dataverse_datasets
1475,232,.tab,dataverse_datasets
1476,233,.png,dataverse_datasets
1477,233,.h5,dataverse_datasets
1478,234,.7z,dataverse_datasets
1479,235,.pdf,dataverse_datasets
1480,235,.bmp,dataverse_datasets
1481,236,.mat,dataverse_datasets
1482,236,.txt,dataverse_datasets
1483,237,.pdf,dataverse_datasets
1484,237,.rds,dataverse_datasets
1485,237,.R,dataverse_datasets
1486,237,.txt,dataverse_datasets
1487,238,.pdf,dataverse_datasets
1488,238,.tab,dataverse_datasets
1489,238,.RData,dataverse_datasets
1490,238,.7z,dataverse_datasets
1491,238,.jpg,dataverse_datasets
1492,238,.R,dataverse_datasets
1493,238,.txt,dataverse_datasets
1494,239,.pdf,dataverse_datasets
1495,239,.php,dataverse_datasets
1496,239,.tab,dataverse_datasets
1497,239,.rds,dataverse_datasets
1498,239,.sh,dataverse_datasets
1499,239,.xls,dataverse_datasets
1500,239,.do,dataverse_datasets
1501,239,.csv,dataverse_datasets
1502,239,.zip,dataverse_datasets
1503,239,.R,dataverse_datasets
1504,239,.txt,dataverse_datasets
1505,240,.pdf,dataverse_datasets
1506,240,.zip,dataverse_datasets
1507,240,.mat,dataverse_datasets
1508,240,.png,dataverse_datasets
1509,241,.mat,dataverse_datasets
1510,241,.txt,dataverse_datasets
1511,242,.nc,dataverse_datasets
1512,243,.py,dataverse_datasets
1513,243,.R,dataverse_datasets
1514,243,.csv,dataverse_datasets
1515,244,.pdf,dataverse_datasets
1516,245,.tab,dataverse_datasets
1517,245,.csv,dataverse_datasets
1518,246,.pdf,dataverse_datasets
1519,246,.mat,dataverse_datasets
1520,246,.m,dataverse_datasets
1521,247,.pdf,dataverse_datasets
1522,247,.tab,dataverse_datasets
1523,247,.dta,dataverse_datasets
1524,247,.csv,dataverse_datasets
1525,248,.7z,dataverse_datasets
1526,249,.txt,dataverse_datasets
1527,249,.ipynb,dataverse_datasets
1528,249,.csv,dataverse_datasets
1529,251,.ods,dataverse_datasets
1530,251,.npz,dataverse_datasets
1531,251,.csv,dataverse_datasets
1532,254,.pdf,dataverse_datasets
1533,255,.pdf,dataverse_datasets
1534,261,.zip,dataverse_datasets
1535,261,.tif,dataverse_datasets
1536,261,.txt,dataverse_datasets
1537,262,.tar0007,dataverse_datasets
1538,262,.tar0008,dataverse_datasets
1539,262,.tar0006,dataverse_datasets
1540,262,.tar0005,dataverse_datasets
1541,262,.tar0009,dataverse_datasets
1542,262,.tar0003,dataverse_datasets
1543,262,.tar0011,dataverse_datasets
1544,262,.tar0000,dataverse_datasets
1545,262,.tar0002,dataverse_datasets
1546,262,.tar,dataverse_datasets
1547,262,.tar0001,dataverse_datasets
1548,262,.tar0010,dataverse_datasets
1549,262,.tar0004,dataverse_datasets
1550,262,.txt,dataverse_datasets
1551,263,.pdf,dataverse_datasets
1552,266,.pdf,dataverse_datasets
1553,280,.csv,dataverse_datasets
1554,281,.csv,dataverse_datasets
1555,282,.pdf,dataverse_datasets
1556,282,.zip,dataverse_datasets
1557,283,.csv,dataverse_datasets
1558,289,.zip,dataverse_datasets
1559,289,.xls,dataverse_datasets
1560,292,.zip,dataverse_datasets
1561,292,.xls,dataverse_datasets
1562,295,.csv,dataverse_datasets
1563,297,.tar.gz,dataverse_datasets
1564,304,.tab,dataverse_datasets
1565,304,.txt,dataverse_datasets
1566,305,.pdf,dataverse_datasets
1567,305,.ipynb,dataverse_datasets
1568,305,.txt,dataverse_datasets
1569,305,.zip,dataverse_datasets
1570,305,.npz,dataverse_datasets
1571,306,.zip,dataverse_datasets
1572,312,.pdf,dataverse_datasets
1573,312,.tab,dataverse_datasets
1574,312,.txt,dataverse_datasets
1575,312,.xlsx,dataverse_datasets
1576,313,.zip,dataverse_datasets
1577,313,.npy,dataverse_datasets
1578,313,.txt,dataverse_datasets
1579,314,.zip,dataverse_datasets
1580,314,.txt,dataverse_datasets
